-- Script to insert English articles from True Bread September 2025 issue with images

-- Insert English articles from September 2025 issue
INSERT INTO articles (id, title, author, job_title, works_at, category, image_url, alt_text, content, excerpt, publish_date, read_time, is_featured, language) VALUES
('the-conversion-conundrum', 'The Conversion Conundrum', 'Dr. Mathew C. Vargheese', 'Theologian and Author', 'Christian Institute for Cultural Studies', 'Theology', 'assets/images/articles/conversion-conundrum.jpg', 'Illustration representing the complexities of religious conversion', 'The debate surrounding religious conversion has become one of the most contentious issues in contemporary Indian society. While the Constitution guarantees freedom of religion, anti-conversion laws in several states have created a complex legal and social landscape that challenges the very essence of religious liberty.

At the heart of this conundrum lies a fundamental tension between individual rights and collective identities. On one hand, the right to propagate one''s faith is constitutionally protected; on the other, concerns about forced conversions and social harmony have led to stringent regulations that often blur the line between genuine conviction and coercion.

The anti-conversion laws, enacted in various forms across Indian states, typically prohibit conversion through "force, fraud, or inducement." However, the interpretation of these terms remains subjective and contentious. What constitutes "inducement"? Is offering humanitarian aid or education considered fraudulent? These questions have sparked intense debates and legal battles.

From a Christian perspective, the Great Commission (Matthew 28:19-20) mandates believers to share the Gospel with all nations. Yet, in a pluralistic society like India, this mandate must be balanced with respect for individual autonomy and cultural sensitivities. The challenge lies in distinguishing between authentic witness and manipulative proselytizing.

The rise of religious nationalism has further complicated the issue. Conversion is increasingly viewed not just as a personal choice but as a threat to national identity and social cohesion. This perspective often overlooks the fact that conversion has been a part of India''s religious landscape since ancient times, with movements between Hinduism, Buddhism, Jainism, and Sikhism occurring throughout history.

Christian responses to this conundrum vary widely. Some advocate for complete withdrawal from active evangelism, focusing instead on "attractional" ministry through service and community development. Others maintain that faithful witness requires bold proclamation, even in the face of opposition.

The key lies in developing a theology of conversion that respects human dignity while remaining faithful to biblical mandates. This involves:

1. Emphasizing voluntary, informed decision-making
2. Building genuine relationships rather than transactional encounters
3. Focusing on holistic transformation rather than mere religious affiliation
4. Respecting cultural contexts while challenging syncretistic practices

As Christians navigate this complex terrain, they must remember that true conversion is ultimately the work of the Holy Spirit, not human persuasion. The Church''s role is to faithfully present the Gospel, trusting God to draw people to Himself.

In conclusion, the conversion conundrum reflects broader tensions in Indian society between tradition and modernity, individual rights and collective responsibilities. Christians must engage this debate with wisdom, compassion, and unwavering commitment to truth, recognizing that the Gospel ultimately transcends cultural and political boundaries.', 'Examining the legal, social, and theological complexities surrounding religious conversion in contemporary India.', '2025-09-01', 12, TRUE, 'en');

INSERT INTO articles (id, title, author, job_title, works_at, category, image_url, alt_text, content, excerpt, publish_date, read_time, is_featured, language) VALUES
('the-gospel-and-the-secular-state', 'The Gospel and the Secular State', 'Dr. M. Stephen', 'Professor of Theology', 'Union Biblical Seminary', 'Theology', 'assets/images/articles/gospel-secular-state.jpg', 'Illustration representing the relationship between faith and secular governance', 'The relationship between religion and the state has always been a complex and evolving dynamic. In India''s secular democracy, this relationship takes on particular significance as the nation grapples with its diverse religious landscape and constitutional commitment to secularism.

Secularism in the Indian context, as envisioned by the Constitution makers, was not meant to be anti-religious but rather to ensure equal treatment of all religions. However, the practical implementation of this principle has been fraught with challenges and controversies.

From a Christian perspective, the Gospel presents a unique challenge to secular state structures. Jesus'' declaration that His kingdom is "not of this world" (John 18:36) establishes a fundamental distinction between the Church and the state. Yet, this does not imply a complete separation or mutual indifference.

The early Church''s relationship with the Roman Empire provides valuable insights. While Christians refused to worship the emperor or participate in pagan rituals, they prayed for rulers and engaged actively in society. Paul''s exhortation to submit to governing authorities (Romans 13:1-7) while maintaining ultimate allegiance to Christ offers a balanced approach.

In contemporary India, Christians face several challenges:

1. The tension between religious freedom and anti-conversion laws
2. Balancing prophetic witness with civic responsibility
3. Engaging in public discourse without compromising faith commitments
4. Serving the common good while maintaining distinct identity

The Gospel calls Christians to be "salt and light" in society (Matthew 5:13-16), actively contributing to the moral and social fabric of the nation. This involves:

- Promoting justice and equality
- Serving the marginalized and oppressed
- Advocating for religious freedom
- Contributing to ethical governance

However, this engagement must be done with discernment and faithfulness to biblical principles. Christians cannot compromise on core doctrines or moral teachings to gain social acceptance.

The Church has a dual role in secular society: to be a prophetic voice challenging injustice and corruption, while also being a servant community demonstrating God''s love through practical service.

In conclusion, the Gospel calls Christians to engage the secular state not as adversaries but as faithful citizens who pray for leaders, contribute to the common good, and maintain their distinct identity as followers of Christ. This balanced approach can transform society while remaining true to the faith.', 'Exploring the relationship between Christian faith and secular governance in contemporary India.', '2025-09-01', 10, TRUE, 'en');

INSERT INTO articles (id, title, author, job_title, works_at, category, image_url, alt_text, content, excerpt, publish_date, read_time, is_featured, language) VALUES
('witnessing-in-a-pluralistic-society', 'Witnessing in a Pluralistic Society', 'Dr. Mathew C. Vargheese', 'Theologian and Author', 'Christian Institute for Cultural Studies', 'Mission', 'assets/images/articles/witnessing-pluralistic.jpg', 'Illustration representing Christian witness in a diverse religious landscape', 'India''s religious pluralism presents both challenges and opportunities for Christian witness. With over 30 million Christians in a nation of 1.4 billion people, the Church must navigate complex interfaith dynamics while remaining faithful to its missionary mandate.

The challenge of pluralism lies in the coexistence of multiple religious traditions, each claiming validity and truth. In such a context, Christian witness cannot be reduced to mere proclamation but must engage in dialogue, service, and authentic relationship-building.

Key principles for witnessing in a pluralistic society:

1. Respectful engagement: Recognizing the dignity and sincerity of adherents of other faiths
2. Authentic representation: Living out Christian values in ways that attract rather than repel
3. Contextual relevance: Adapting witness methods to cultural and social contexts
4. Collaborative service: Working with people of other faiths for common good

The opportunities in pluralism include:
- Learning from other traditions
- Building bridges of understanding
- Demonstrating Christian love in action
- Contributing to interfaith harmony

However, Christians must maintain their commitment to the uniqueness of Christ while engaging in pluralistic dialogue. The Gospel remains the ultimate truth, but witness must be characterized by humility and love.

In conclusion, witnessing in a pluralistic society requires wisdom, patience, and faithfulness. Christians are called to be ambassadors of reconciliation, pointing to Christ as the hope for all humanity.', 'Navigating Christian witness in India''s diverse religious landscape with wisdom and faithfulness.', '2025-09-01', 8, TRUE, 'en');

-- Insert article images for the new articles
INSERT INTO article_images (article_id, url, alt, caption) VALUES
('the-conversion-conundrum', 'assets/images/articles/conversion-conundrum.jpg', 'Illustration representing the complexities of religious conversion', 'The complexities of religious conversion in India'),
('the-gospel-and-the-secular-state', 'assets/images/articles/gospel-secular-state.jpg', 'Illustration representing the relationship between faith and secular governance', 'Christian engagement with secular governance'),
('witnessing-in-a-pluralistic-society', 'assets/images/articles/witnessing-pluralistic.jpg', 'Illustration representing Christian witness in a diverse religious landscape', 'Christian witness in pluralistic India');

-- Insert article tags for the new articles
INSERT INTO article_tags (article_id, tag) VALUES
('the-conversion-conundrum', 'Conversion'),
('the-conversion-conundrum', 'Religious Freedom'),
('the-conversion-conundrum', 'Anti-Conversion Laws'),
('the-conversion-conundrum', 'Christian Mission'),
('the-gospel-and-the-secular-state', 'Secularism'),
('the-gospel-and-the-secular-state', 'Church-State Relations'),
('the-gospel-and-the-secular-state', 'Christian Citizenship'),
('the-gospel-and-the-secular-state', 'Religious Freedom'),
('witnessing-in-a-pluralistic-society', 'Pluralism'),
('witnessing-in-a-pluralistic-society', 'Interfaith Dialogue'),
('witnessing-in-a-pluralistic-society', 'Christian Witness'),
('witnessing-in-a-pluralistic-society', 'Mission');
